fft_mean,fft_total_energy,fft_max,fft_std,fft_entropy,std_hue,std_chroma,std_lightness,std_saturation,ai_gen
35.40794568988234,62.09420940141001,73.82003050085453,70.94476485099226,69.48453431143713,12.863401260727606,79.59811373243087,41.37876996163242,61.511486987420966,1
53.24152486486149,52.72188327544502,65.68463290543642,62.630723792724396,86.09244544776675,7.896686306523897,43.025323851533585,47.70233411152292,40.12512360246025,1
88.26805653896392,64.41795206182088,73.71448010763359,72.38829064495339,97.71703540021969,59.85902480719335,58.65498930599867,63.85206756845664,51.311497727803484,1
25.215462698989846,92.14742158154408,95.30420681349312,94.41748401913567,55.538431815515935,23.167587086593166,100.0,61.4757343571441,80.5143258966999,1
41.24734203237336,99.94634840446201,100.00000000000003,99.87479680942253,75.71562396491066,26.96198593898158,72.3558796923321,54.468415414706506,52.296016313021966,1
34.37355701721435,80.53125367691702,87.64925682096279,85.74880446769241,71.21133144286972,32.55596594167043,61.206000734325144,48.194475825088624,47.81778353976435,1
26.42085512370076,51.91759126575367,66.73876776022001,62.10319545744643,62.518179726881556,9.863151237448761,54.980815296710446,33.30098591969233,39.53519974979481,1
23.460161873851703,100.0,99.80283094544328,99.99999999999999,49.062277681978,59.769961478454796,90.25932561798831,68.73028427972758,68.321593996361,1
28.09951821560736,84.27672546624845,90.38577973230923,88.61457076005921,61.60168270131044,38.08789875265248,63.87580280594844,40.91437295729012,54.184383199545124,1
26.91850295842771,75.54422046890762,85.00461543381792,81.93189562916983,64.0675313844502,12.359358240290621,62.86361323171701,31.16229283153728,40.869448178550385,1
33.400258221506405,59.92164088291156,72.15206704405014,69.10714406475388,65.19685897886632,14.43897279361558,69.70480827480274,43.52935148008124,53.24056436075351,1
33.146396677814984,59.20780262029852,71.47041982266396,68.49527443564081,64.43401241423805,12.970009439673106,53.40295564970552,50.39396391215214,38.267717197200156,1
28.91257371202976,92.68311604878245,95.59992753747002,94.787268941845,59.0385593126893,62.47030452395521,60.41323767742337,49.671074795344985,44.18673088154749,1
30.363557220866,50.83140932959377,64.59565776832056,61.09404003884677,62.158366391462664,12.434010600492199,66.52280703686631,47.43170416113578,55.55267579821651,1
43.72575782792716,81.86117179775863,87.17999184248907,86.70358412801916,72.03485002754701,38.591005884840264,78.93505433635337,71.61205338698772,66.07446867086654,1
24.676238635924733,74.42667599549586,83.22180280991643,81.06477274742672,54.87742613088983,22.06140382962478,74.1152726348563,47.860209140389024,57.70763652938814,1
36.05658622241388,94.56297388905288,95.58603961606252,96.10019339631602,67.24657977281868,66.66132450820851,58.38198390380305,65.99333786877327,49.078425123744594,1
29.322093405073794,85.30157656222285,91.35085883869817,89.37475207839297,66.74580351006875,80.13097029084759,63.13455984564558,45.42717726152163,41.44240247402054,1
35.91981473443571,82.4732472415455,86.94856299442864,87.21564735067973,56.43011568622717,59.059776242375996,76.47741543464205,75.72229866314112,68.97642362441685,1
33.386255940301666,91.1338336468912,94.46623285531723,93.64451547647484,64.90082518977482,26.77522369645833,73.72346939080347,53.58139340489897,60.97068586241224,1
33.23202842218689,59.08369526052692,72.05898073171383,68.38780678546125,66.17899480992429,10.393143775542109,43.799593806833755,39.36717651254296,33.786660284234515,1
35.935205012458255,82.24917206080902,88.4900784601844,87.04601393412169,70.20271569978559,31.649532514808847,87.446632122935,54.404098477770766,71.99039248682433,1
30.82185122614588,77.90168365691164,85.61905738252551,83.74713802641413,59.8585724772347,33.717549873275566,57.39240500770731,46.744366968106014,42.92842523806972,1
41.474961880015606,50.87658881831058,65.05185627184227,61.05823842889997,78.44821803925191,10.678424750407782,49.37071804883885,39.3932131574012,30.03570219329363,1
57.755869657926226,73.46497010886465,81.99682899762942,80.08498658225962,82.1008347582121,56.03654442018401,74.01331942427498,56.56997699743673,45.896762924100656,1
44.120898861454734,35.78885322251631,48.1717121003225,46.44396318372077,70.82570066291277,33.92896043112437,79.28101714794262,67.39977771734053,74.93162584734235,1
44.618438306046016,30.830087726295723,43.983463297115215,41.21096414479986,72.67106347533701,17.906147971782175,58.09204028904668,63.76174421789036,73.69665488994228,1
60.97260245678967,33.03032680347947,42.68828319443222,43.38610291032286,72.74813649981286,75.04058369126452,65.73907817323429,78.0800169959962,68.21274411273471,1
59.767427020342225,25.319698251273657,29.631786078695008,34.91025760574267,72.47123820725733,64.8335518625268,77.7448515626257,90.57078938610314,71.57633776315404,1
59.767427020342225,25.319698251273657,29.631786078695008,34.91025760574267,72.47123820725733,64.8335518625268,77.7448515626257,90.57078938610314,71.57633776315404,1
61.30100344856403,34.16067221066213,47.697408916921766,44.57231460653644,87.52523600337372,25.072073245839896,81.7682277356716,58.08964790936134,85.19085406372385,1
44.43656960801636,27.702957609542437,40.17537991350937,37.78051398958283,74.05669992976277,13.141686287662573,56.59473973119064,64.08117492759527,64.99081474823845,1
69.32692102642281,30.63908524618911,41.08400921947692,40.715998261645026,83.45314509289062,23.48840127027281,58.68285493320762,78.64624789085227,60.490854020465676,1
43.3447026829869,29.704038346420397,42.496929980780344,40.000088656293926,74.2417368291396,47.665099781830214,59.54526406173082,61.384277335539004,79.5482847244508,1
58.34496785392646,23.752201749720726,32.35253721809601,33.113970812064295,78.37539820159981,57.27902281781993,42.687740164220045,77.09017858077462,43.44303045887203,1
67.84092478140991,26.106385427137894,31.52215342516886,35.700414319292065,80.5391844846369,23.53602894093905,70.2491058218249,86.17496481746403,50.672994964317894,1
44.16968117167899,39.713360385885615,53.19570052734672,50.415295594356635,73.34306807896661,32.50226843703287,65.59661146486636,64.2894454130404,64.63457764187301,1
52.33292712747259,26.415065266842618,37.20180946034693,36.248863397008975,76.81165854795836,43.249652329275115,47.97279361695013,77.12811121373355,60.96930160137373,1
57.982782782217186,33.52525068000053,42.5687353536097,43.943912243764785,75.87063867672401,22.825242586037003,85.05518398386543,81.90361732888738,86.89523782686096,1
67.02822131880465,41.87070279317579,51.35221039193292,52.30582215878971,80.77065238494873,20.815045038934738,57.0087793282397,86.75996174691602,62.331649293263666,1
58.8761069574425,36.25877170410862,46.362547474128824,46.776239551705984,79.85259296071195,17.247170240012114,61.6697175965173,79.44382325569691,71.65587097550049,1
57.18626999847385,34.783254337156116,47.675394151914595,45.27003908730862,81.84027336722812,32.4301292910984,62.92588077895478,68.17120307022302,71.59619943716193,1
42.5769416614852,20.633406280705977,32.91275274812174,29.588811345238682,74.35327364956265,14.784710194521654,65.1924626897716,54.705224179102196,58.35464261068171,1
73.66675509062084,24.01681629049996,33.722950863482616,33.20581273095608,87.35811405363285,13.716625897442071,63.24076020684775,72.94203090289,76.03516616292542,1
43.9055632212355,29.256744495666503,43.0304320720735,39.5049634287533,73.56343640499654,34.32073595881652,57.56236301814472,58.28501721838469,67.15490913036952,1
65.28272855210497,29.41479386000853,39.56524234422857,39.43402371912059,76.30019577876863,18.769357045536413,58.62596471056946,76.88269410724973,55.954062061489736,1
47.38996205963854,36.096092236986024,49.16975859112514,46.729437984606975,72.59895958803997,20.176527339307125,76.65392413502009,62.19028721291246,74.38429892029492,1
48.82914264844058,38.215067772862334,47.64534016426301,48.87193699412974,67.4185366915039,27.421712329425088,81.79847608636445,81.15570431335001,63.69061048939869,1
55.91573365607671,37.26343287354916,51.822504916630855,47.83585576473013,79.11427643459035,19.78361066327979,56.15966594072785,57.70775948322437,67.49224860166461,1
57.77953108564172,33.91290947291416,48.374423180298955,44.35378711558721,89.60940211197254,30.108021938332385,80.14299436284337,47.96895842423958,78.7200022444804,1
46.2266157816815,26.018525301580652,40.463609045812184,35.86561065639248,76.4194433035774,20.24481297148444,64.67035830438343,50.43316625667453,65.63878486846956,1
35.48899153565652,40.49083149733964,53.225907851669994,51.25643117065957,68.41040290818205,25.562586205608934,68.53276027033905,66.78760291418453,76.60680417446163,1
45.27327877915421,26.312502281911485,40.518131185218,36.20900653970301,77.26432358780738,32.88601194207456,46.72963103454866,58.35631756891954,66.14752551906854,1
54.44051661721049,40.99856919158522,53.855606799210896,51.589646700899806,77.15432745339723,17.692736128095,89.09104965916076,67.46977056727727,99.99999999999999,1
59.01414649720212,30.481113911425304,44.58869409290188,40.67729373195627,86.67691937736555,46.41760228637744,49.47326873993124,54.02494597774082,47.17874313917898,1
53.58518709883782,33.09910357080042,46.450803681306816,43.54342088280889,82.11325514562287,17.085408187247534,64.28903616423558,60.53993426143959,64.45044620480427,1
69.58497207230275,42.907939587613285,53.56259137222741,53.28592548756362,79.76894238482356,39.74111724378223,63.81195157542834,89.15613420140792,78.01627853902865,1
73.61744344845827,37.359124356065436,51.84852834034083,47.71795294442539,94.27699490090077,14.382936790141247,64.23037509574534,50.94192758766933,71.34416505236493,1
46.67771042956524,37.93651415525499,52.35327980569178,48.61117238326196,74.81180418313818,22.10542478735154,78.61167340865835,57.22962994369849,87.54462928655126,1
49.72409067566808,38.39730753133501,52.02015588644149,49.04685509069115,80.23811661966329,28.398244519223528,61.323171701537746,63.5235750482481,79.43713597874269,1
52.33292712747259,26.415065266842618,37.20180946034693,36.248863397008975,76.81165854795836,43.249652329275115,47.97279361695013,77.12811121373355,60.96930160137373,1
65.52087832093713,33.0362213029894,42.11206588745352,43.33589909476429,80.22328791142922,30.76357378152443,71.80516102945604,82.68350742552641,64.49167740859413,1
62.09583211278772,31.06024771705414,34.634077366674866,41.26643427542609,71.66036226510857,53.80167260396228,68.10099781764845,100.0,55.88365014062917,1
51.82110093049124,23.155969667398722,36.071915337128196,32.49553888619923,84.13824522563397,39.44913965861124,69.16352692457741,54.967359154505125,83.13560956521907,1
33.319513977863316,38.200468710973865,51.68895962820677,48.988160025293226,60.88106841880898,18.78514741072267,63.188217914675676,64.42662716654456,72.79515488861364,1
54.68600880793707,32.53886698657099,45.790776930629185,42.93748625444657,84.65931681665774,21.647311154726502,58.52512007828578,64.2417556513407,72.53605088494139,1
55.16844347830789,42.457839394005596,54.84286495989809,53.010816990055744,81.75074395593026,21.394687303898536,82.15713715845395,71.01032347300273,94.64899064196281,1
53.53007380095234,28.61221900006438,36.94730344319688,38.69384117435675,70.3063807832313,24.459310799858695,48.92205337638936,87.21458650690371,55.117906596862824,1
59.25533913149651,40.07178707586297,53.4704798430183,50.621880643077844,79.35619073317173,22.82801115362537,71.67091507703557,61.188174919243885,75.99489899807308,1
49.11260871178696,48.42792252708114,57.182651138480985,58.742120667831585,64.09581312682405,16.19834495921471,82.65259247333644,87.96270358322806,73.60340266194633,1
52.03524095860706,40.094866228994476,51.000664166840814,50.72057707000374,71.56701090146487,19.98030114067642,61.40689095869095,76.15140070914146,71.26340825213623,1
68.54286043402396,17.694242476878003,24.017955286150332,25.61480386912345,83.43078826719591,72.3890729976493,49.51607857847725,79.22030867368312,56.84480932082282,1
50.28157746643957,28.569764286072513,36.273958307320875,38.682853544755744,65.97887107559768,23.41909666838292,74.91585332832457,81.45404874173286,72.07734138330565,1
33.23031160234771,19.90049532087466,34.687208523416054,28.787290467751404,73.6929040451094,25.61361777270112,54.40911283034329,44.986640253643024,67.65179704582627,1
38.61455708446456,34.435012094947524,48.08100250639743,45.089288678305934,69.84299654317385,20.029937427898385,52.59015180072167,63.36826211592973,77.56245102944835,1
70.67110900710395,35.02571174407574,48.72951805407879,45.35640893491697,91.52915975078929,3.3119096682128015,66.51346330550045,48.01784987724043,44.46779766973249,1
48.75982871058771,39.816901144944296,54.957440311510034,50.47631583772275,79.1327179701708,2.5971305159238227,61.281542426893125,38.293151685978565,47.326197838464026,1
45.34984680723572,88.32624286419495,89.06816866508163,91.52212106849699,70.06552449186279,7.13293429693373,97.45284700003415,56.84255686201066,80.677161960828,1
45.370378314631054,17.929589211652278,31.838059826712048,26.225505383451676,83.26088897460318,2.746490827600267,60.451829159590034,48.74989905604125,48.303634445333714,1
43.34510012679924,38.33193076678684,53.44433594049486,49.0401279977083,76.26383395226571,1.8558673145045592,52.52415539921002,38.044968422160046,35.2990025472257,1
40.28389007682512,31.174211322389375,46.882534033074286,41.62203897602147,76.01270774837252,2.7367641874542015,56.830125456870135,40.771386808067184,46.417195636685605,1
35.20624080934573,44.601515147500905,59.25880776794818,55.25071591210292,72.13621640110443,2.2663557200358113,55.602303006626315,36.6367449311584,38.98643294407789,1
42.65641225903551,26.269922856692595,40.86444205823377,36.18689800498464,75.37946266875576,2.909900459090756,53.036692897860746,50.426946181574884,40.34373179101935,1
51.29662622093497,24.425784507564742,40.50307133353399,33.98300106063134,89.47469375135324,3.188184264239495,69.7723451682345,33.67667694415042,45.14377435704628,1
52.40431664190574,45.48015469200561,58.4561341021196,55.94363298007205,83.6016865167939,3.7077879540522245,94.84354882835692,43.79302824809695,70.17668918006572,1
54.49993720373868,18.07801702997358,31.404719439891814,26.300461571015674,84.09158247829197,3.014786530350552,70.19321619907878,51.46117915467668,46.2822116462207,1
35.141524153057624,38.053629656523924,53.805202844701945,48.82667921870424,70.02713118910538,2.394698865050703,69.09031036701032,34.29888095709648,57.963045050466505,1
76.70648429793083,47.22474744184558,59.94036736837909,57.317826693438334,90.0899292329297,10.57995977665931,66.24440991295033,49.95973011524938,52.19648547245849,1
54.86153840869906,30.16424441382619,46.19176327972246,40.381485614688216,89.96289517799107,2.6720229571188314,47.61288719391587,36.04025257737276,31.05888121180189,1
40.73573035578296,36.87108046540757,51.764850328074765,47.58269162399313,73.13908399789045,3.5890364418054137,53.85586027421547,41.242336431013875,38.624529019086054,1
75.63661946129595,41.14997243196849,54.48744150753607,51.4884044852661,93.0738624369477,10.120802738597172,71.01119581297175,53.82511000482453,53.168347956753465,1
53.31179567282658,16.039005253168952,30.766116012773388,23.722820196932076,89.18891163618554,2.9444104219403604,98.38216674723655,42.83089675306412,75.94916894590808,1
53.124437329203545,26.309920364827107,40.54521701301041,36.12063987169306,83.45222633890734,3.2360495723267126,55.15394787227292,49.912282203371284,30.302617384254603,1
48.4554414809676,19.855898195934365,35.3728315456468,28.57746193983421,88.74000050517367,3.5727799651738996,62.76505054307199,36.68181969166188,37.33958871009057,1
51.38599050938305,85.58461293373284,88.83954368758924,89.4497395320541,78.7003605410942,8.731868826037388,85.37158950655777,47.31838240409531,61.87538696739243,1
43.77894446069504,49.07785134414473,62.20855627390136,59.3894232907963,79.87407418512572,9.283821749758847,93.31892253532,43.51039650031216,83.72258568344087,1
56.29334655456276,33.34872418373257,48.05258045903742,43.77707627852017,86.24626112267015,4.276994942858814,77.11018328866446,40.24824297049323,49.44968517021992,1
58.160709056971655,69.5333485079692,74.5360908524161,76.92935758391194,76.15603247386241,18.01516306959311,90.37668374777066,78.76287996732609,88.34633889837168,1
33.75317079505624,22.63163317649265,38.05540185379656,32.06169203705926,73.58108873960003,2.2630245198903207,50.99148831423501,41.084166647677684,36.551721708655194,1
66.50466786353506,22.313098881549415,36.72994871107385,31.306011784186424,93.66833469419697,4.440011159184496,94.73323808918101,45.51399378967448,69.84612270028047,1
50.07716488737388,19.411559488625336,27.943779328376614,28.012842987304793,67.61096026808025,74.93801229401008,62.091956353832714,79.57523084471,55.499950284017615,1
41.545085899323645,13.745733596712796,25.647880295755776,20.860611884472576,76.26041784990412,83.62949161643127,68.29481905572668,58.523813686001766,41.229183015932776,1
45.57313358671158,0.0,0.0,0.0,73.63190464674801,63.247233497993975,81.98129072563036,77.5462922287266,46.48428285915904,1
80.48521783241773,15.857591247244365,25.907895480467324,23.056168641580484,88.27336425977228,56.09653901103094,56.4495879598031,68.1352279092578,66.01085446046294,1
47.660361669725575,27.389444608689615,35.16765612630386,37.397202229052894,70.35700887173977,50.31528605917633,65.23997318824203,87.8966861397341,63.725983302722,1
49.66024241781916,18.62436434928012,24.653086732916883,27.043565245325794,73.93042167930724,100.0,64.58491859130076,95.92363637229349,64.08582937536642,1
41.9216125559517,17.294228970502417,28.684680220752234,25.46285834562451,71.57013855920007,50.087193232196206,55.055716317405114,68.5675722544292,44.81942469246076,1
100.0,35.0348146655975,43.24693249988281,44.90593773598103,100.0,85.13688259075737,80.91067043684068,83.34522365307882,82.45884187159756,1
50.23853685203342,14.641066888986842,22.310737641392848,21.941412168052693,71.01520609207228,86.98133994914284,68.0179336294893,77.19624484316662,44.61240969009917,1
60.440709687089054,18.095610567658277,29.915568447518773,26.241673735862534,82.6126884054317,48.306811230652876,78.3019697456745,64.46623007483402,42.29107190562503,1
66.462838685189,11.123568810510566,18.409458419256637,16.9354418364978,86.75541170271828,75.98012263770879,51.984940035812116,72.51326895820128,37.44632512373842,1
36.60847161553285,35.554819063199346,46.0754793194831,46.26678939913907,67.02503371338713,47.120422595085245,58.794108683792544,70.03947782658483,67.21757166130914,1
52.66103695681866,16.070006676791387,21.537657953200778,23.77134062921263,74.54518658298628,68.88233149433634,65.25717054897625,89.33601756404099,66.08235401499661,1
36.56939526874058,13.760621095844478,20.297459999938667,20.933945819567285,57.021939474673104,10.67133594672389,66.74211837722997,76.02044658854388,74.25535253266315,1
58.96978737070053,28.27452440609146,36.625712632181695,38.25528456018216,74.87519596539784,60.27522384154544,73.24878192260086,89.71143650744975,65.22319757007806,1
85.07735714801476,14.560733442105338,23.461135068140628,21.265206321093032,93.84583228631146,44.18863902834518,61.30370679428562,68.09284372801977,69.3734964314183,1
69.78954681021324,21.214152122981567,32.054133102364496,29.940312129276208,84.56652078681606,67.26207679558705,56.61832221497687,71.63275422015658,53.18623211499205,1
43.35510291945647,26.232480318218393,39.7369684639039,36.137599956908915,69.8253459887801,61.306567805019654,79.74811013495032,55.395153699907375,77.3460737258665,1
50.16682923422162,14.642974349246003,17.217725806868522,21.944843028319866,72.32674251289524,8.574990252818573,77.14638484878687,95.06308936014588,69.38093683450029,1
58.21899701946404,20.279917139120627,29.692989315938824,28.97340959536244,77.42204472159187,22.493478754198954,69.38265830093171,81.20000817754709,72.11495126134298,1
43.56069529660702,20.184921480831534,33.14139963085292,29.03372682699215,73.84989708643383,43.53146954018976,80.31034649442527,56.96419976447607,78.54488086363553,1
41.434682528006974,25.29344247772,36.05059058714365,35.08640818908252,63.719286334885965,32.25424583313244,68.52362529722406,72.65141811099193,51.782393670367526,1
55.03907939816567,20.950373360643923,29.285365679485174,29.828335984830517,74.5772313562627,82.45929409193205,82.74067405807648,84.08031862807061,71.47144291106636,1
40.5390087321173,17.887941196474323,28.606182797465486,26.22575503016614,65.95680504421,77.19581459412345,56.04878651528239,69.82380069035275,47.99074201273656,1
44.71130227143684,10.539461118296682,15.873653211154675,16.43962392368978,68.2109929807039,68.33012321729362,68.54159290391833,85.91208917698242,38.028252397011755,1
48.92846085926006,9.133846639723345,15.70195994933757,14.38636358039237,71.78814559188072,79.49237684047395,56.20350517340738,79.09586938265528,53.8288753021196,1
68.03189166580165,18.751112601980097,29.687217285511572,26.94848190253255,88.24436451622347,28.683155292862693,67.03525815279254,66.10019770089247,65.6476218920636,1
64.47345291092756,10.818526283301651,14.613335296042735,16.542345654716215,87.74426183320207,67.55056984644116,69.9059360516609,87.03121899527801,43.840517308237665,1
53.838515741073394,26.87283023333309,36.769246709504564,36.74862033640687,73.82394196586068,46.878313436519186,87.80196026157121,79.23642947585515,77.70792203322732,1
41.51899528876541,16.18099277322709,27.431810086836755,24.04739993524376,71.8077875169613,67.65035068395517,78.87098714902204,62.103742765808924,71.8758325264142,1
52.713920087716005,38.25667886008874,50.20227297520021,48.87534993062589,84.74321718277139,66.68835041953008,57.56127603552821,66.18456549960146,40.208352297400566,1
54.746139261533,26.400430955545836,36.10804802855042,36.2042542449219,70.56528536056652,18.62229796821685,70.43979568614031,84.60986392811046,63.30479716280868,1
59.98827276096151,30.4553972678179,40.22289237649499,40.63757702690074,82.40861708280858,62.36080315522628,57.461403208895064,79.99189274051105,51.11284390930396,1
41.9216125559517,17.294228970502417,28.684680220752234,25.46285834562451,71.57013855920007,50.087193232196206,55.055716317405114,68.5675722544292,44.81942469246076,1
78.03678974601425,19.032411318295537,27.20642708468872,27.13419875118234,85.52023964808342,79.44375952296456,61.15051423095997,85.45363260888354,75.84663475326998,1
47.660361669725575,27.389444608689615,35.16765612630386,37.397202229052894,70.35700887173977,50.31528605917633,65.23997318824203,87.8966861397341,63.725983302722,1
39.656402631261855,22.27547247454003,33.21954657031866,31.58626830234394,70.64566019145087,31.54703442472799,81.60212815359482,68.50162283119755,82.39666136012669,1
42.6467113876114,19.321230861068344,28.779891341253396,27.985561756908538,64.40694802887936,35.93457383630627,78.45320430057834,66.10200401674766,70.96966064408059,1
49.00387142615269,19.708646310576448,29.449151150090763,28.390647742568447,71.65343127391367,42.00668521714875,71.45513822981569,73.62428169185893,56.02687172022057,1
34.085087645425574,15.574648102933999,28.890293744871435,23.34058655584208,64.49493499987409,55.08707968243882,56.695994681415655,50.69886095913936,53.56485222797123,1
40.18278947207846,5.888985994380267,17.216553876592023,9.69091718317162,86.22886570448622,73.49558124975383,74.94072435441781,50.78966800934885,72.14329153421173,1
41.77436396058036,21.281688446839006,32.908086932254555,30.378959247759568,68.54511243167582,52.23492725477173,61.54100013846431,69.9948943235315,54.70004515533664,1
44.540855472456606,34.45293503540397,45.43870497980557,45.05574136213782,73.82069755000452,20.61673447300229,69.50640875232644,69.49924578755238,70.23355511790659,1
53.4674021867914,24.4878129412527,31.854028745806794,34.02947163022142,69.61304507613465,40.333444093345506,61.34018909826261,85.09270953915782,67.11705206286102,1
46.07504067905009,22.959051728674524,33.461851369449825,32.32854271133121,71.20170233319311,57.70621304106211,65.36363005835189,73.77397917363166,82.15174603209915,1
37.57366766501186,23.98864421031054,33.659568054976894,33.61733110286262,64.48916522921854,75.40243767427921,73.16632241351317,86.23004611433686,62.61696774035268,1
59.64215636445556,15.017308502894018,21.043267665808422,22.306269801446717,74.64153961871432,15.805368415662304,88.8328516956551,85.43710368513754,72.84022988868007,1
63.246873774796626,12.53015099195191,18.29391923713692,18.927880640256262,80.86513283886916,63.72212225550351,63.26766842552692,89.35196453665372,47.8578653125133,1
58.48011913347207,9.98972717919736,10.188991828907824,15.469703678278194,75.91741369142983,60.72296450911081,74.03229482942166,98.90686903752803,72.3057568141331,1
39.93513791414479,28.429354914233862,38.22894610829338,38.63037449434053,61.114169122416115,62.97511238256973,66.02101698885443,79.49734764434305,52.384806771063424,1
2.466564246976356,26.953831014572486,46.59376822242054,37.21108525119229,13.557698955954265,3.9613623545641037,15.627779431647024,12.407972836334977,8.147846988975779,0
2.210197861709263,22.71807887984655,41.960974502740136,32.34569294507506,14.92448218870095,3.745590019888083,9.132466216346327,16.095547760181567,7.439154775153675,0
1.2462177427953538,23.807041254854973,43.230908817691024,33.62210767231092,8.661286039576453,3.682876343794944,8.878252656007831,13.461073874426205,0.0,0
0.0,19.52041410732673,38.96443640668216,28.513085306772425,6.081685842868865,3.388851655802111,10.852488432543353,10.490625239606096,1.6728918245110478,0
0.26433783686343304,21.384904067533093,40.952084918725,30.769136229869446,5.437321374444821,3.340618590060833,8.74030664355497,10.432532156673489,1.0052021642179767,0
0.6100001736746918,23.661737296258394,43.56597135057627,33.454825393893216,11.412179069397155,3.328483198369991,14.692067362832244,9.144859465036511,5.93220742237061,0
3.1189174475162122,25.448100594933777,44.89663794013649,35.50598502449104,19.582455168944534,4.710832294064151,12.568805189787707,14.029647689429154,0.4720082951842741,0
0.4063261958400197,21.960285693868393,41.69325962658578,31.454669528808097,7.313565960526944,2.691194615685845,12.416433262344729,9.322222299059924,7.340495277476052,0
1.5002851491141858,21.81136442919692,41.442203684548794,31.274569767542843,13.233477443919469,2.6938691057348008,13.158791999505606,10.771794551750816,4.252765076873757,0
1.4363077114609037,24.29952806803771,44.01911407328354,34.1922854561395,13.936436352710757,2.8947203761244458,11.327118312262968,11.168870390904516,5.081894180782882,0
3.283368154656907,26.288566980989152,45.7640634918966,36.45965789030687,14.271685760171522,3.44813211259988,3.2059580468621256,18.00129790218331,9.268770904118355,0
2.8804612936180103,26.754783095193083,46.23456611636326,36.98634560986142,9.799846390655205,3.2142278594352662,1.0492549615987414,17.347679864751534,6.281164798810323,0
5.581406085966828,27.094813676980912,46.72480536100053,37.35937548532593,27.82797095945972,3.311276172054563,2.051438536909881,15.65843065993674,5.895586302217922,0
3.7566553336505937,25.559047585848298,45.31623278960151,35.630488738067896,20.231289908654787,3.0235577336677997,2.735353962031841,13.981387313306584,8.7576325156491,0
4.371831707645972,24.589244225103485,44.13931907127046,34.51763355859998,23.27763131691853,2.9553686226023457,2.9264757399697174,16.62839204294437,10.694201349048896,0
4.6392975275760495,25.041459700771426,44.67688458436343,35.03627712801784,25.27431991014862,2.7527463730779527,2.7831146104752804,15.516188954695977,8.01204727325603,0
3.0737978415996903,27.927108959849726,47.45489601802189,38.295457277942916,10.800778311666818,3.36719305137185,2.2267864694275517,16.88913638187301,6.476289987609007,0
4.243599632047795,27.45400414950405,47.0958582012557,37.765331485406776,20.884427428406752,3.629968113059454,3.2181668052569528,15.833851137580318,6.869963939381968,0
3.6217903712682133,21.175290308138422,41.364078650321865,30.50806396656985,27.894530894032812,1.638012139759577,9.865211276127312,4.201641835303072,9.925034231106949,0
3.0487497360496914,23.788946014201947,43.92751731718655,33.59581746589579,22.968577916770187,2.0039594120783004,8.200677362935544,8.875132672576946,13.872977611617017,0
2.6187797696623587,21.998370297819662,41.98267164178451,31.493558037652306,21.18693201666491,2.3621969078637113,5.953186034231386,10.080954315211109,12.455444870290108,0
3.029277116220646,25.878274574762372,45.70962897344604,35.995737364127166,15.517619540652788,3.017253927634182,4.312945462662814,13.086924642580918,5.972975145902041,0
3.5849568187500136,22.802645975738812,42.64765992905331,32.4409525354378,23.72656051046505,2.118295388903948,6.9721530530552265,12.703724936942386,14.783568005747654,0
3.0675808478031517,20.937201695644404,40.88519727200919,30.223838051613356,23.791976916124497,2.6493728731660813,8.0422442476574,10.031072789503021,12.554598746910045,0
2.997723673457136,26.827087298475895,46.857835876312514,37.06725522920274,17.543784875810786,1.9919926268866615,8.509859130292252,9.720526281839007,7.437035125438456,0
2.9696104271556525,21.784053214865786,42.02563876771641,31.237647357984756,25.826142113418314,1.5229284297635495,8.289495000473845,4.140245990744027,6.860385347374432,0
3.3833062918461874,27.935854623854958,47.57802536539034,38.30424764310172,16.029189934410454,3.0776449881114853,1.9259676295856956,15.875173446945311,9.965857572269393,0
3.482702860895982,27.546363950494516,47.281592721152016,37.87068633367083,18.259091772058355,2.848248515228107,0.0,13.140879826221834,1.8895224973008453,0
3.9567467118970203,27.252726171998788,47.06570564002947,37.54139641850723,19.614637001149788,3.0770909080579445,4.671907074647958,13.901025152268083,9.36088606054696,0
3.501870685439334,26.743361651779452,46.684696868733745,36.971640613267425,20.086247788760716,2.7075867105884557,5.782846500094141,10.747416845512724,2.556742497598705,0
3.25506702654514,21.4147006600286,41.56186105156538,30.79600754120301,26.495558133200745,2.121961969368506,7.187713943463876,5.545034458498058,4.0649505166847035,0
1.5701423516633195,21.815603340667614,41.68837475833046,31.27941342269223,12.365682301752202,1.8275792980114227,6.676643151489422,10.724335303162341,11.15045749518336,0
2.4375018285400767,25.173518047733317,44.969976679682766,35.19434105088523,15.579207761948965,3.625275843058077,2.8345735193110215,13.817137274298851,7.834929837431517,0
3.2096987348791064,24.665738662102655,44.36429682650044,34.60938922204596,17.35372881290823,2.365627683586629,7.21129282796992,15.99750033093747,12.66229301975865,0
3.0410421690630596,24.248210237379027,43.94626820161057,34.1282860299023,17.208607626638695,2.3521764281302655,7.084040276953093,15.60056809011536,13.807608355968156,0
2.4632101058876525,21.30045006916321,41.17436832958098,30.661751793502177,19.57766962284643,2.348767033666304,6.587076863672188,11.49134689680038,13.216201366475758,0
2.941239934103889,21.166859030747773,41.08579449644018,30.50013851374939,21.402129572438014,2.068714692955271,7.409915505817825,10.843839346267842,12.990752209302244,0
2.8775186057353803,21.480745348693112,41.23531965657843,30.876158466675335,20.372944813710376,1.5602894307717827,7.032642555880535,13.15814941504653,16.16955319081748,0
3.4536754795473588,24.59194899340755,44.62696254510836,34.523684472965044,25.387630410793633,2.1313752213475743,6.617839911431794,10.910416067474287,12.805063478565174,0
2.5160173963468093,23.376521540482422,43.35461865388803,33.116865199464115,17.63850592446272,2.0459149401898227,4.6934307701671365,10.720084036766764,9.636953441677711,0
3.3899402101002973,23.195584785233898,43.24924350257759,32.90260679320579,25.159645158273236,1.708778914315567,6.556493779921944,8.652400323579947,8.182867557302686,0
2.3054517847650278,21.911032970436494,42.05660182277874,31.39074732873631,21.33365941037607,2.0594034601260827,9.119073294769926,7.487953894959254,12.761385099010809,0
1.710824803754667,23.75023485995721,43.93591797627138,33.554767839693454,15.933866929617466,1.8458767685336532,9.854345049242294,7.500666126207896,12.753944695928837,0
3.604050548942668,24.569607764182543,44.46913529945996,34.49747924156206,24.43334036765424,3.2237907802270334,3.479217198310945,12.202120849106002,8.856217856485372,0
1.949318218807976,28.321058524578966,47.98734665785201,38.73508485451663,6.556677578517679,2.6832432309263172,6.998170449888068,16.043897707652917,8.249491299517686,0
1.6795454003706904,23.51348481765792,43.515676922261385,33.27915615467546,12.40001083144989,2.4343800381023195,7.779556182118252,11.125972278795558,11.214739117159098,0
1.867821941354313,23.39789220877926,43.38955750979493,33.1437287415161,13.409000096850548,2.1509470149036387,7.147707944183658,11.58943589398256,14.394071556037332,0
2.0645015723094087,23.361597839255694,43.13740630581729,33.10076747620998,12.802022519413072,2.441685708841348,5.3007931049885215,14.64452062965752,13.201913815042573,0
1.7674439790858347,25.293880532142822,45.12433194497931,35.33387241818161,7.395437455234514,2.7981125174396624,4.526307192877113,13.97597592354795,7.122220794703026,0
0.8294872617516891,23.275877538783035,43.07870026579817,33.00404835681971,3.600415596127391,2.6287882188285714,6.448407395901711,13.956680842467229,13.218605284082813,0
3.4721030665476267,19.3428218721916,38.715351936138354,28.28488546781952,21.835367991086684,2.8013074884209415,4.097944260323267,16.619870615635904,23.3596089561442,0
2.2670408359084906,26.52984700323229,46.1005608179241,36.73493039819398,9.027330013367589,3.364849054497057,1.2817288696068267,17.157514105796373,11.515679938825542,0
2.410999173154318,25.97807177407394,45.64487708751451,36.1107789840614,8.46077302813319,3.241204899307786,2.020734877273366,15.07586356541129,7.43667670070527,0
2.5976215386702908,24.947295964811033,44.70641284628349,34.93471489923118,13.60227848542604,3.1269715525251316,4.545331188306314,13.994568128584596,9.90756411523256,0
3.4377760507175292,24.11173995289333,44.078970138340345,33.96913676517751,23.685528735604237,2.855422233054715,4.946271205114233,10.553880304668802,7.316981379031745,0
2.4280673306668543,25.682871589372482,45.7179201063368,35.77546217843356,15.826500932957003,2.5120404359925823,8.618260451328862,10.232465670645965,10.075177115890888,0
1.7375454777449288,24.046991008887588,44.14884785015415,33.89919914215588,11.319114729076034,1.886696035454892,8.487361829482445,8.528542983685377,12.282912799155653,0
2.1791090676459444,19.238444472736695,39.16704891308397,28.160800645242375,18.818627727375144,2.0572292915367187,5.2146497326292724,8.443891767216677,18.40232916751097,0
1.3320825186818954,24.294474700161352,44.408446835328256,34.18673440713931,10.897287061584848,1.6986173182730058,9.439598193636453,8.779764485887931,13.559170577976559,0
1.1577590081838274,22.142035317711375,42.39971453092779,31.66828250913028,16.1428999771872,1.6646476903818987,9.739092498369438,5.873065952484147,12.428532116617319,0
1.5974915964670142,23.04561529298435,43.135445786943514,32.73228730561257,14.928942418410486,1.9512619394668151,8.741726559588802,9.902907499660941,15.177513865938892,0
1.8935827448619076,25.65603980328705,45.69197335096268,35.746461661396296,14.047542804424722,2.435216961667206,8.087751746703681,11.591861950005637,14.223887784878912,0
2.006356459771686,24.526468975766313,44.52723894541172,34.452574318940265,13.27308049499112,2.659397018258205,8.719972510137644,11.720646980015609,15.174269504129882,0
1.4770637831213786,24.2984051679679,44.437285082225706,34.19087460015109,13.85609412791348,2.2081009527748625,8.444548391656252,9.359690126892936,12.565746992059474,0
1.6507277184779188,21.526399683686222,41.75474763193416,30.934402968415384,19.244240315363527,1.8221557889537179,8.557371428402778,5.287796941982833,9.899122594792374,0
2.582359475219617,25.291302924831648,45.12279857826238,35.32858647655087,14.562749624779542,3.330584670678901,4.412044444055724,12.761198279707102,7.205863532007541,0
4.256795536106823,22.559387041733174,41.899486497391756,32.15225324858888,20.776075951369307,4.35431996043001,3.1845135355070617,18.936701213024236,15.692143805688303,0
4.360383167056986,23.89213405234745,43.52408853396562,33.711515105747594,22.48533349958882,3.9835041754467913,5.020742111826539,15.658056548493931,9.026135898962288,0
4.578852361537704,22.08686309808489,41.936298251217174,31.59223737676568,27.00723893758152,3.1387306340583327,8.241701958508724,10.792472711498895,5.092801416197915,0
4.657542103469025,20.79143436837812,40.6568789678602,30.043003795016432,30.9217070831117,2.4897996504255797,6.740868707148994,10.073838639990782,7.632209752131374,0
4.568118340623199,21.06217368665512,40.592368039555616,30.369093755957394,26.280368804061254,3.142176682109077,2.356686291022033,14.95214604494484,7.915118101876544,0
5.287907684275153,27.970672328976754,46.97387887892493,38.336888800923546,19.292957870339194,3.921588325759302,1.990241775527796,22.923176064062694,5.739677723019128,0
3.7204836309601443,26.33806572442259,46.022512452033006,36.51423712075446,19.255629467417748,3.8136282403546122,2.9586767001640872,15.188455994083448,7.220280857913082,0
5.039980077199649,23.98253417677377,43.47566700356925,33.81414090390136,26.352442872845643,3.108495701213889,1.8356238972480377,16.59031959055732,4.893634679545727,0
2.7752156573790874,25.991357580014594,45.69847920689016,36.124778103064344,12.712072208864754,3.2637749562627256,3.8686701124015634,14.71328533596889,7.552169801369047,0
3.2720211766006795,25.780167169479576,45.528845037521485,35.88357649770346,17.286590218912977,3.159502221688437,3.7984643527110293,14.038210684675711,6.272995186788414,0
6.603382081099985,27.744684788449447,47.22887776394828,38.08129172881428,33.45318643571221,2.4054744086718847,2.3894919302878463,17.529021884121214,7.428692480786729,0
3.8478043709954637,12.08253957896109,28.976819438183206,18.90421872692012,18.48372012721927,3.8176466952522903,18.09796182481058,21.464126321487264,39.62646828228469,0
7.119229281954988,23.2561303847395,42.090631611274894,32.9604609804928,32.01790540455704,3.687844737483422,22.85848857658655,11.824510141688855,27.15588923662267,0
4.3907917172336415,26.89948504652049,45.91183623292981,37.14426313299404,15.14659563641385,3.4763865299717986,23.214673343907297,14.904248443554692,17.093967656122857,0
5.64400337799731,26.698328967548164,45.70419647422039,36.91406320261112,20.97662038451898,3.172795866721633,28.005963143442873,13.673863928412757,22.450891022257622,0
3.334597632363815,27.026933297122753,45.93685201565436,37.2905067580467,9.605903399788644,3.457845313097458,27.460492231079694,11.851525522543938,23.890293852045602,0
0.286821255474063,11.826378363464958,29.867004533070123,18.56651322902887,0.0,2.2403304516334313,19.37548313587862,8.662387965431954,24.16399439398998,0
1.9900166141294324,20.5812507662323,40.56839275567467,29.797990513199153,22.646060937994775,0.6617401904272961,12.886715211598261,1.1786059798955506,3.6998578475148705,0
3.230442359503334,24.946780470568413,44.42095472669053,34.9322177925239,18.874060905354042,2.3493754832069076,17.961844246692795,9.93161582926733,9.970319342223874,0
4.791278737941836,28.376873444806975,47.32935709438399,38.78831083552211,14.968481259819498,2.690592885969485,20.904583334188164,14.3473401035412,16.32430615923859,0
7.399418597998883,30.198504887954222,48.34514682862525,40.77342613866915,25.020166028080666,4.82808162014596,24.61046700192522,15.746985483682451,25.19373011322081,0
6.936570038680999,25.383036992117255,44.486024238584854,35.41891561980833,27.322093072444318,1.801747682725881,26.03863618522659,6.932693156855521,29.28015521521273,0
7.014310266249277,33.025942992896674,50.683870603125705,43.79827539811875,16.326374470438225,3.8188385477158606,27.174640997896116,14.693268484326794,32.29421059393512,0
6.487456881734774,31.59662476163777,49.69377571401221,42.28218871593228,14.647586577725292,3.5213305471923864,26.280021910978068,11.839387684621634,31.267564743093814,0
5.555713570037456,29.836248624229647,48.46719186667246,40.38619719150171,13.155718392150618,3.026517510800552,30.0286974208602,7.436451219665656,30.414897021793266,0
4.81777435202781,27.85489567009877,46.90154778036406,38.20986898183081,15.98871619925825,2.2000915331695943,30.46323851785529,4.890747555153382,31.254395724017655,0
4.318874726040546,27.40324500155223,46.45221656921027,37.70843962209992,11.675820726647316,2.160634557890469,27.443485632195387,5.758625640018707,28.950225248315732,0
7.874031778094826,32.710806749986745,50.14596555883113,43.46240660043006,16.554025595761743,3.322335780973315,18.736690086822914,21.035953885738735,29.4305514692046,0
4.9540629939395675,25.96910299991427,45.42965811617575,36.09270335259333,20.748350364487578,1.0994038706462543,26.869868348768666,7.855183954564282,30.111342171469275,0
3.366337198426246,23.84738676583511,43.64013153657803,33.66274303483023,15.799876305495275,0.0,24.61033022927811,5.313157163121247,27.065306654915275,0
5.486713793426288,28.87063295670329,47.425028224900224,39.33022093873684,13.178060052427838,2.456019093952963,24.9245041982544,13.74443117167585,28.056110032438056,0
7.371187203227281,36.366565937134844,53.32979344674114,47.265576879044815,11.846184776362804,3.5857461714984975,20.489967852309153,23.318702552796665,24.002332479849883,0
5.2908491494640355,29.54622828790692,47.44193906926393,40.07093969311363,7.517664249160589,3.8213120539306216,22.325222823338006,15.756508320408543,32.48665377697169,0
8.96666808060113,35.998621135693995,52.88429565237964,46.883162323985175,18.659530978181976,3.7615941976639053,16.37475244600783,24.120918411093534,25.66186989318139,0
6.890777962271917,31.49764415093547,49.692286157772934,42.17491004796166,18.850007666809006,2.601447697553784,25.723519204841264,15.689070009212593,30.636459124532763,0
4.6425092879660586,25.890289859559076,45.431695303385375,36.00431368174283,21.264126312467454,1.2040776565492637,21.442603736563935,3.427737521749009,19.737343883627148,0
5.392970198264779,28.848980928264517,48.183606644998015,39.30672636221621,19.410577921992513,1.2758762295732042,24.13448379285524,5.033669463017439,21.236319375965238,0
5.717019059791324,31.640496665160953,50.751415407005915,42.331652226602756,20.77468627532005,1.3576931442046947,22.76942438835542,5.93263280776722,16.9481691262946,0
6.823758593959896,29.061580407810865,48.02378602261761,39.53535029716424,26.06309987142413,1.5583425144204757,16.595957007749934,9.744083966025691,17.24391896906664,0
5.754376264403332,27.12158467258098,46.0380432663515,37.388771048396734,20.02515728357872,1.877701245258267,15.27074883348229,9.915974947835075,22.609957446950517,0
7.208348382279029,37.60197844358501,55.83206173422024,48.522280145566484,19.1222255042328,1.8739766299479692,25.405465211823216,10.75652778176137,19.746916295897904,0
5.10806686922283,28.148604627901598,47.670509283659264,38.53475081879776,21.075126941787403,1.2639363236785393,19.920698499348514,3.1110956427996044,17.304313536608362,0
6.167148148592277,25.417749629504648,44.86148003184146,35.46132204458553,27.177734707470165,1.6153651102723918,23.863357214917304,3.274155327216576,20.89800968599583,0
3.670663657932595,26.1961815935556,45.2981828728195,36.3540204226685,10.60233989308125,2.5281173100488576,27.242563014307894,6.462295253814396,32.011580332345005,0
5.802337604455987,28.013094515522305,46.952970328477825,38.38223082036494,21.744130890583335,2.8807388654459505,24.17274414124468,5.595399683849379,24.70698932555527,0
6.000613862186709,28.103324109027405,46.75247167762148,38.48159408291441,18.885054303165816,3.413408337160706,22.452806508132053,7.2915642820009765,25.042289483713276,0
5.522117334325985,27.849314513784613,46.41508718942206,38.20134674866779,16.59426804320651,3.2474867131893337,19.675634309245762,9.32583870967376,23.753425041863082,0
7.52343413107018,29.468270433387865,48.08526307534658,39.97811638531785,25.00063225201319,2.693387721961713,18.614789665444388,10.265156964502076,22.787223196457717,0
6.831483446207434,26.480938471899194,45.784347743037536,36.6650132023495,27.89386107372127,1.4919723375991438,21.167989456124648,5.733854927820488,21.60250585854496,0
6.352928235760933,23.890237298472258,43.24830157730863,33.70238638850206,28.38326720611383,1.5209344746425373,21.762817297694273,4.584081981345598,23.706681512866297,0
9.031343700140406,24.00444851162026,42.61807690403622,33.82452742714922,36.05845818613403,3.3601476210989834,22.866514971403898,6.983489177201591,29.892999711591685,0
8.063956687230847,28.255560859550584,47.18250437338093,38.64275509132602,27.659476762627662,2.4794376814419365,22.586300210993404,5.915846918585757,22.738168445905586,0
7.749457362408913,28.343668366090384,46.956453261449106,38.74137450006366,27.4849278879978,2.8892376104347752,16.963364330694237,9.19729175058194,22.845930695858755,0
8.330585064808103,27.506287414729073,45.42323988120352,37.809369245086856,23.582390774842224,3.5207746344595057,11.65180217938575,16.88569757972192,25.640370588927055,0
2.428001600790248,20.954330957338698,40.88912926237614,30.246444121629196,15.471671029330366,0.5147018834735744,26.312958923970715,0.0,25.522677501969937,0
8.184829389168202,29.77183334740284,48.038604916674664,40.30683878861481,25.009458768787965,3.5611888792467896,19.018387750670524,10.451324643593665,25.572449101988454,0
9.907664782530416,27.644849935329802,46.096858832564685,37.957546566885156,36.01143046951438,3.4639591313729152,20.398546135555446,8.22563363991955,27.07585546559713,0
8.33096464996319,26.097336264366227,45.089754525512824,36.22583491358485,33.94669790877265,2.744740618831363,20.34841896038895,4.156589748220355,22.813697188819205,0
6.947051901712589,27.505535744914255,45.89232961776673,37.81368133401564,21.695429041128307,2.890469170950695,20.113792682828947,12.001857860098418,29.307556168091068,0
6.940160606974233,28.27357253596925,47.159679114537674,38.66680684076606,24.737412757542586,2.312920436685335,23.593803522421158,7.81764054866202,24.99676336286197,0
6.919726045121459,27.9672400709539,46.556551221677076,38.32745431767104,24.494067190856697,2.886098841619897,21.62504764997058,9.378724463634725,29.123678100230265,0
7.583249030092746,25.412154727282257,43.97964083294233,35.44972947083984,27.2239388681283,2.870538783137267,20.50996905230917,11.09330365836022,30.122212328463633,0
7.024554622335762,27.02890590300653,45.7366600381414,37.28044519227876,25.64223080648867,2.631165814824583,18.93221378442968,9.379200605471027,25.902898166774904,0
6.85607737547018,28.14541058692251,46.758287518526366,38.52523375801415,24.704765418070565,2.6439426442841336,14.597928189537232,10.254073440645882,22.87957318288393,0
7.680775840561688,27.857629790226717,46.80669809630333,38.20295551699091,28.689558337135338,2.411163045340655,21.434059045399632,6.045508654199082,24.44870722687463,0
2.0078963974464212,27.380797525075963,46.88629078153074,37.690247702346525,4.753932940972447,1.0728987457035695,25.086007499532183,5.736840261556047,21.956203093094217,0
6.846801532612028,28.25226896403648,47.2411118398254,38.64357055417392,25.48136738951831,2.196721235864869,19.74259891712776,6.728575686315942,22.10176061318809,0
6.164455533481169,24.93839732653968,43.504866686907114,34.9128588296299,23.096945696613602,2.314643766157264,19.91368710154394,12.312782258108705,32.48064089308566,0
6.7163428002463,26.49926834567929,45.11071783905695,36.686099225709555,22.565571597641224,2.19535588975719,23.15411905403862,12.193599421797543,29.62911877138923,0
5.022727020299536,23.98447420984526,42.62848189247244,33.81645004687064,16.837690409802406,2.8301104878083834,21.27258093908316,9.358167228797456,31.991366413340714,0
6.91565302042258,29.957427878712544,48.36766541412512,40.51338519721054,20.982419311295416,2.860321595821418,27.431683592461713,11.069352968213416,31.036040904666493,0
6.05038699042205,28.890008699027696,47.67812135414682,39.349625140268344,18.463794279086983,2.0938333959778763,27.38492894283058,9.783154048926903,29.658460161616176,0
6.2066135696646345,26.918847088302677,45.66402226623716,37.15991214894794,21.40329771149527,2.0984175378982437,23.102383000628475,11.467086336569622,30.26272100360903,0
6.561080949536555,27.593076402861122,46.146693250864494,37.9126485637848,21.75080700186112,2.3217997680835927,22.626147841945386,12.461553908533077,31.032141490758917,0
5.624474691935118,30.10637949326064,49.561358545387,40.67957650030915,23.324810333475625,0.6883638286339133,16.17629173576835,5.559231798807552,14.255799945605958,0
3.848044063957099,29.172785349993845,48.90332517144136,39.66704083799145,16.352998875194373,0.37746230205325926,17.778255762186635,2.6382414525077067,14.193817185712021,0
5.7109718107126906,28.881322328428737,47.68165905021514,39.34122401683885,16.225429980892955,2.3814272121695774,23.646047074337698,11.768744863289285,26.82391377685181,0
6.429130719762588,45.99154544076076,63.51178655184817,56.71601534354977,17.473284710465464,0.46267272792777137,21.69331159800014,8.302439852799615,5.673610157114247,0
6.500170380909291,27.949736448748304,47.19262459371259,38.30951572255593,25.618289927937496,0.8873876122758544,14.45155986144643,8.915963724491789,17.989133427252966,0
6.067597455401165,28.480778130189165,47.5827897548322,38.89882557702353,20.264821805334407,1.322292193749699,15.05837690531946,9.62487845629375,18.556822586987366,0
4.455904061525162,28.152567078762033,47.50433614202306,38.541239499748784,15.727422919278979,1.4118979955726436,18.273203578562732,4.974008135147798,18.608373951198246,0
6.419567189270905,29.98109583759743,48.452252493801915,40.54083217634353,18.78593726230929,2.3908215264621413,21.224138227044254,13.916344826906005,25.461504287594067,0
6.8366521055639975,28.47777439972206,46.957296613143406,38.89282842307635,20.351980331714003,2.5326208140783004,17.9568556443534,13.24998432699789,26.560879460588083,0
5.749312189717658,26.688544013073532,45.79066740443512,36.90269338247526,22.5387159600333,1.2137297677355363,21.987714720908397,9.427268257517007,26.570495131016287,0
5.158634653260831,26.492197550277695,45.845299070035004,36.683538472310744,20.403406852232195,0.9109063862353688,23.21559116035502,6.91640230402767,25.96504777956187,0
6.682693810780835,27.88859909469719,46.90676122720158,38.24098538380704,24.559285827731173,1.5084740878155491,23.164099857997602,9.860723600306443,26.81643629534915,0
5.777039734472689,29.004550585196412,47.70261141113988,39.4763647741041,16.278168396871706,2.1708163134057603,19.038529322597835,11.713969657596962,24.381502589402402,0
5.228180858731241,31.002664973219126,49.093506454816726,41.64930797826675,6.786656664566465,3.3097171728300463,20.193862269872373,16.491251857378288,26.620180214719895,0
6.469568261214148,28.236611467212285,47.325370340919996,38.62757605138847,26.160126535080565,2.1056419598532345,30.093779605204315,5.168753925099793,28.29207710160952,0
6.099562935444306,29.360641015162606,48.09018080146013,39.86546143586753,20.10298123443698,2.630017335772039,26.454191079234445,7.733318096794569,27.46971480947346,0
